{"Account":"","Password":"","Character":"","GameName":"","GamePass":"","D2Path":"E:\\Program Files (x86)\\Diablo II\\Game.exe","Realm":"Asia","Mode":"Battle.net","Difficulty":"Hell","Parameters":"-w -sleepy -ftj -direct -txt","Entry":"D2BotLead.dbj","Location":"x, y","KeyList":"cd1","Schedule":"","GameCount":0,"Runs":0,"Chickens":0,"Deaths":0,"Crashes":0,"Restarts":0,"RunsPerKey":0,"KeyRuns":0,"InfoTag":"","Visible":false,"SwitchKeys":false,"ScheduleEnable":false,"Type":0,"Name":"AutoBot","Group":"default"}
{"Account":"","Password":"","Character":"","GameName":"","GamePass":"","D2Path":"E:\\Program Files (x86)\\Diablo II\\Game.exe","Realm":"Asia","Mode":"Battle.net","Difficulty":"Highest","Parameters":"-w -sleepy -ftj -direct -txt","Entry":"D2BotMap.dbj","Location":"x, y","KeyList":"cd1","Schedule":"","GameCount":0,"Runs":0,"Chickens":0,"Deaths":0,"Crashes":0,"Restarts":0,"RunsPerKey":0,"KeyRuns":0,"InfoTag":"","Visible":false,"SwitchKeys":false,"ScheduleEnable":false,"Type":0,"Name":"map","Group":"default"}
{"Account":"","Password":"","Character":"","GameName":"","GamePass":"","D2Path":"E:\\Program Files (x86)\\Diablo II\\Game.exe","Realm":"Asia","Mode":"Battle.net","Difficulty":"Normal","Parameters":"-w -sleepy -ftj -direct -txt","Entry":"D2BotMuleWait1.dbj","Location":"x, y","KeyList":"chango","Schedule":"","GameCount":0,"Runs":0,"Chickens":0,"Deaths":0,"Crashes":0,"Restarts":0,"RunsPerKey":0,"KeyRuns":0,"InfoTag":"","Visible":false,"SwitchKeys":true,"ScheduleEnable":false,"Type":0,"Name":"changowait","Group":"default"}
{"Account":"","Password":"","Character":"","GameName":"","GamePass":"","D2Path":"D:\\Program Files (x86)\\Diablo II\\Game.exe","Realm":"Asia","Mode":"Battle.net","Difficulty":"Normal","Parameters":"-w -sleepy -ftj -direct -txt","Entry":"D2BotMule.dbj","Location":"x, y","KeyList":"cd1","Schedule":"","GameCount":0,"Runs":0,"Chickens":0,"Deaths":0,"Crashes":0,"Restarts":0,"RunsPerKey":0,"KeyRuns":0,"InfoTag":"","Visible":false,"SwitchKeys":true,"ScheduleEnable":false,"Type":0,"Name":"mule1","Group":"default"}
{"Account":"","Password":"","Character":"","GameName":"","GamePass":"","D2Path":"D:\\Program Files (x86)\\Diablo II\\Game.exe","Realm":"Asia","Mode":"Battle.net","Difficulty":"Normal","Parameters":"-w -sleepy -ftj -direct -txt","Entry":"D2BotGameAction.dbj","Location":"x, y","KeyList":"cd1","Schedule":"","GameCount":0,"Runs":0,"Chickens":0,"Deaths":0,"Crashes":0,"Restarts":0,"RunsPerKey":0,"KeyRuns":0,"InfoTag":"","Visible":false,"SwitchKeys":true,"ScheduleEnable":false,"Type":0,"Name":"lime1","Group":"default"}